{"cameraMode":{"drawMode":0,"name":"Shaded","section":"Shading Mode"},"sceneLighting":false,"audioPlay":false,"sceneViewState":{"showFog":true,"showMaterialUpdate":false,"showSkybox":false,"showFlares":true,"showImageEffects":true,"showParticleSystems":true},"in2DMode":false,"pivot":{"x":17.726898193359376,"y":-1.5943313837051392,"z":0.9193817377090454},"rotation":{"x":0.46700501441955569,"y":0.19911879301071168,"z":-0.10880424082279206,"w":0.8546470999717712},"size":24.561859130859376,"orthographic":true}