{"cameraMode":{"drawMode":0,"name":"Shaded","section":"Shading Mode"},"sceneLighting":true,"audioPlay":false,"sceneViewState":{"showFog":true,"showMaterialUpdate":false,"showSkybox":true,"showFlares":true,"showImageEffects":true,"showParticleSystems":true},"in2DMode":false,"pivot":{"x":3.3001976013183595,"y":-8.582408905029297,"z":-18.026660919189454},"rotation":{"x":0.6137701869010925,"y":-0.010657128877937794,"z":0.00828639417886734,"w":0.7893694639205933},"size":15.021934509277344,"orthographic":true}